{"tokens": 794624.0, "losses": [10.441875457763672, 10.129411697387695, 10.100506782531738, 10.169075012207031, 10.163743019104004, 10.100916862487793, 10.115218162536621, 10.043975830078125, 10.136212348937988, 10.09689712524414, 10.115594863891602, 10.054744720458984, 10.075702667236328, 10.145029067993164, 10.090361595153809, 10.094412803649902, 10.091805458068848, 9.759875297546387, 9.745457649230957, 9.860175132751465, 9.841534614562988, 9.819648742675781, 9.764698028564453, 9.844986915588379, 9.728164672851562, 9.727081298828125, 9.752492904663086, 9.782459259033203, 9.795321464538574, 9.841902732849121, 9.657591819763184, 9.772924423217773, 9.781803131103516, 9.499637603759766, 9.473776817321777, 9.603163719177246, 9.499473571777344, 9.500166893005371, 9.580936431884766, 9.677804946899414, 9.569741249084473, 9.486932754516602, 9.418139457702637, 9.422672271728516, 9.53217601776123, 9.518773078918457, 9.516900062561035, 9.473258018493652, 9.521258354187012, 9.452340126037598, 9.397710800170898, 9.17512035369873, 9.337602615356445, 9.361091613769531, 9.430444717407227, 9.26742172241211, 9.313250541687012, 9.240823745727539, 9.468073844909668, 9.286104202270508, 9.37816047668457, 9.415464401245117, 9.419634819030762, 9.484183311462402, 9.277409553527832, 9.239503860473633, 9.24021053314209, 9.259084701538086, 9.193184852600098, 9.320651054382324, 9.197381973266602, 9.21002197265625, 9.28575611114502, 9.21833324432373, 9.181992530822754, 9.267779350280762, 9.205693244934082, 9.295767784118652, 9.233912467956543, 9.11210823059082, 9.317693710327148, 9.298761367797852, 9.203743934631348, 9.067127227783203, 9.064767837524414, 9.020586967468262, 9.024249076843262, 8.996006965637207, 9.0828857421875, 9.276105880737305, 9.087705612182617, 9.220874786376953, 9.057674407958984, 8.9844970703125, 9.127620697021484, 9.115804672241211, 9.229019165039062], "name": "attempt1"}